{
  "nav": {
    "home": "الرئيسية",
    "about": "من نحن",
    "services": "خدماتنا",
    "destinations": "الوجهات",
    "contact": "اتصل بنا",
    "bookNow": "احجز الآن"
  },
  "hero": {
    "title": "استكشف سحر المغرب",
    "subtitle": "رحلات مميزة إلى أجمل الوجهات السياحية في المغرب، من المدن التاريخية إلى الصحراء الساحرة",
    "exploreDestinations": "استكشف الوجهات",
    "contactUs": "تواصل معنا"
  },
  "about": {
    "title": "من نحن",
    "description": "وكالة السفريات المغربية هي شركة رائدة في مجال السياحة والسفر، تأسست بهدف تقديم تجارب سفر استثنائية ولا تُنسى في جميع أنحاء المغرب. نحن نؤمن بأن السفر هو أكثر من مجرد زيارة أماكن جديدة، بل هو فرصة لاكتشاف ثقافات مختلفة وخلق ذكريات تدوم مدى الحياة.",
    "description2": "فريقنا من الخبراء المحليين يعمل بشغف لتصميم رحلات مخصصة تناسب احتياجاتك وميزانيتك. من الجولات الثقافية في المدن التاريخية مثل فاس ومراكش، إلى المغامرات الصحراوية في الصحراء الكبرى، نحن نضمن لك تجربة أصيلة ومريحة.",
    "stats": {
      "clients": "عميل سعيد",
      "destinations": "رحلة منظمة",
      "support": "دعم العملاء",
      "experience": "سنة خبرة"
    }
  },
  "services": {
    "title": "خدماتنا",
    "subtitle": "نقدم مجموعة شاملة من الخدمات السياحية لضمان رحلة مثالية",
    "flightBooking": {
      "title": "حجز تذاكر الطيران",
      "description": "نوفر لك أفضل الأسعار لتذاكر الطيران الداخلية والدولية مع شركات الطيران المعتمدة."
    },
    "hotelBooking": {
      "title": "حجز الفنادق",
      "description": "مجموعة واسعة من الفنادق والرياض التقليدية والمنتجعات الفاخرة في جميع أنحاء المغرب."
    },
    "guidedTours": {
      "title": "الجولات السياحية",
      "description": "جولات مصحوبة بمرشدين محليين خبراء لاستكشاف أجمل المعالم السياحية والثقافية."
    },
    "photoTours": {
      "title": "رحلات التصوير",
      "description": "رحلات مخصصة لعشاق التصوير لالتقاط أجمل اللحظات في المناظر الطبيعية الخلابة."
    },
    "transportation": {
      "title": "النقل والمواصلات",
      "description": "خدمات نقل مريحة وآمنة بسيارات حديثة مع سائقين محترفين ومرشدين سياحيين."
    },
    "foodTours": {
      "title": "الجولات الغذائية",
      "description": "اكتشف النكهات الأصيلة للمطبخ المغربي مع جولات غذائية في أفضل المطاعم المحلية."
    }
  },
  "destinations": {
    "title": "وجهاتنا السياحية",
    "subtitle": "اكتشف أجمل الوجهات السياحية في المغرب",
    "all": "الكل",
    "cities": "المدن",
    "desert": "الصحراء",
    "coast": "الساحل",
    "mountains": "الجبال",
    "days": "أيام"
  },
  "testimonials": {
    "title": "آراء عملائنا",
    "subtitle": "اكتشف ما يقوله عملاؤنا عن تجاربهم معنا",
    "testimonial1": {
      "text": "تجربة رائعة ولا تُنسى! فريق وكالة السفريات المغربية كان محترفاً جداً وساعدنا في تنظيم رحلة مثالية إلى مراكش والصحراء. أنصح الجميع بالتعامل معهم.",
      "author": "أحمد محمد",
      "location": "الرياض، السعودية"
    },
    "testimonial2": {
      "text": "خدمة ممتازة وأسعار معقولة. استمتعت كثيراً برحلة شفشاون وفاس. المرشدون السياحيون كانوا ودودين ومعرفتهم بالتاريخ والثقافة المحلية مذهلة.",
      "author": "فاطمة الزهراء",
      "location": "الدار البيضاء، المغرب"
    },
    "testimonial3": {
      "text": "أفضل وكالة سفريات تعاملت معها! نظموا لنا رحلة عائلية رائعة شملت الصويرة وأغادير. كل شيء كان منظماً بدقة والإقامة في الفنادق كانت مريحة جداً.",
      "author": "عبد الرحمن الأحمد",
      "location": "دبي، الإمارات"
    }
  },
  "newsletter": {
    "title": "احصل على أفضل العروض",
    "subtitle": "اشترك في نشرتنا الإخبارية واحصل على خصومات حصرية وأحدث الوجهات السياحية",
    "emailPlaceholder": "أدخل بريدك الإلكتروني",
    "subscribe": "اشترك الآن",
    "privacy": "نحن نحترم خصوصيتك ولن نشارك بريدك الإلكتروني مع أطراف ثالثة",
    "successMessage": "تم الاشتراك بنجاح! شكراً لك."
  },
  "contact": {
    "title": "اتصل بنا",
    "subtitle": "نحن هنا لمساعدتك في تخطيط رحلتك المثالية",
    "form": {
      "name": "الاسم الكامل",
      "email": "البريد الإلكتروني",
      "phone": "رقم الهاتف",
      "destination": "الوجهة المفضلة",
      "message": "رسالتك",
      "send": "إرسال الرسالة",
      "sending": "جاري الإرسال...",
      "successMessage": "تم إرسال رسالتك بنجاح! سنتواصل معك قريباً."
    },
    "info": {
      "address": "الدار البيضاء، المغرب",
      "phone": "+212 5XX XXX XXX",
      "email": "info@moroccantravelagency.com",
      "hours": "الاثنين - الجمعة: 9:00 - 18:00"
    }
  },
  "footer": {
    "company": "وكالة السفريات المغربية",
    "description": "وجهتك المثالية لاستكشاف جمال المغرب وثقافته الغنية",
    "quickLinks": "روابط سريعة",
    "services": "خدماتنا",
    "destinations": "وجهاتنا",
    "followUs": "تابعنا",
    "rights": "جميع الحقوق محفوظة"
  },
  "common": {
    "loading": "جاري التحميل...",
    "error": "حدث خطأ",
    "tryAgain": "حاول مرة أخرى",
    "close": "إغلاق",
    "readMore": "اقرأ المزيد",
    "viewAll": "عرض الكل"
  }
}

